{
  "questions": [
    {
      "id": 1,
      "question": "assets/images/iCloud Photos from AQ H/IMG_3123.PNG",
      "answer": null
    },
    {
      "id": 2,
      "question": "assets/images/iCloud Photos from AQ H/IMG_3124.PNG",
      "answer": null
    },
    {
      "id": 3,
      "question": "assets/images/iCloud Photos from AQ H/IMG_3125.PNG",
      "answer": null
    },
    {
      "id": 4,
      "question": "assets/images/iCloud Photos from AQ H/IMG_3126.PNG",
      "answer": null
    },
    {
      "id": 5,
      "question": "assets/images/iCloud Photos from AQ H/IMG_3127.PNG",
      "answer": null
    },
    {
      "id": 6,
      "question": "assets/images/iCloud Photos from AQ H/IMG_3128.PNG",
      "answer": null
    },
    {
      "id": 7,
      "question": "assets/images/iCloud Photos from AQ H/IMG_3129.PNG",
      "answer": null
    },
    {
      "id": 8,
      "question": "assets/images/iCloud Photos from AQ H/IMG_3130.PNG",
      "answer": null
    },
    {
      "id": 9,
      "question": "assets/images/iCloud Photos from AQ H/IMG_3131.PNG",
      "answer": null
    },
    {
      "id": 10,
      "question": "assets/images/iCloud Photos from AQ H/IMG_3132.PNG",
      "answer": null
    },
    {
      "id": 11,
      "question": "assets/images/iCloud Photos from AQ H/IMG_3133.PNG",
      "answer": null
    },
    {
      "id": 12,
      "question": "assets/images/iCloud Photos from AQ H/IMG_3134.PNG",
      "answer": null
    },
    {
      "id": 13,
      "question": "assets/images/iCloud Photos from AQ H/IMG_3135.PNG",
      "answer": null
    },
    {
      "id": 14,
      "question": "assets/images/iCloud Photos from AQ H/IMG_3136.PNG",
      "answer": null
    },
    {
      "id": 15,
      "question": "assets/images/iCloud Photos from AQ H/IMG_3137.PNG",
      "answer": null
    },
    {
      "id": 16,
      "question": "assets/images/iCloud Photos from AQ H/IMG_3138.PNG",
      "answer": null
    },
    {
      "id": 17,
      "question": "assets/images/iCloud Photos from AQ H/IMG_3139.PNG",
      "answer": null
    },
    {
      "id": 18,
      "question": "assets/images/iCloud Photos from AQ H/IMG_3140.PNG",
      "answer": null
    },
    {
      "id": 19,
      "question": "assets/images/iCloud Photos from AQ H/IMG_3141.PNG",
      "answer": null
    },
    {
      "id": 20,
      "question": "assets/images/iCloud Photos from AQ H/IMG_3142.PNG",
      "answer": null
    },
    {
      "id": 21,
      "question": "assets/images/iCloud Photos from AQ H/IMG_3143.PNG",
      "answer": null
    },
    {
      "id": 22,
      "question": "assets/images/iCloud Photos from AQ H/IMG_3144.PNG",
      "answer": null
    },
    {
      "id": 23,
      "question": "assets/images/iCloud Photos from AQ H/IMG_3145.PNG",
      "answer": null
    },
    {
      "id": 24,
      "question": "assets/images/iCloud Photos from AQ H/IMG_3146.PNG",
      "answer": null
    },
    {
      "id": 25,
      "question": "assets/images/iCloud Photos from AQ H/IMG_3147.PNG",
      "answer": null
    },
    {
      "id": 26,
      "question": "assets/images/iCloud Photos from AQ H/IMG_3148.PNG",
      "answer": null
    },
    {
      "id": 27,
      "question": "assets/images/iCloud Photos from AQ H/IMG_3149.PNG",
      "answer": null
    },
    {
      "id": 28,
      "question": "assets/images/iCloud Photos from AQ H/IMG_3150.PNG",
      "answer": null
    },
    {
      "id": 29,
      "question": "assets/images/iCloud Photos from AQ H/IMG_3151.PNG",
      "answer": null
    },
    {
      "id": 30,
      "question": "assets/images/iCloud Photos from AQ H/IMG_3152.PNG",
      "answer": null
    },
    {
      "id": 31,
      "question": "assets/images/iCloud Photos from AQ H/IMG_3153.PNG",
      "answer": null
    },
    {
      "id": 32,
      "question": "assets/images/iCloud Photos from AQ H/IMG_3154.PNG",
      "answer": null
    },
    {
      "id": 33,
      "question": "assets/images/iCloud Photos from AQ H/IMG_3155.PNG",
      "answer": null
    },
    {
      "id": 34,
      "question": "assets/images/iCloud Photos from AQ H/IMG_3156.PNG",
      "answer": null
    },
    {
      "id": 35,
      "question": "assets/images/iCloud Photos from AQ H/IMG_3157.PNG",
      "answer": null
    },
    {
      "id": 36,
      "question": "assets/images/iCloud Photos from AQ H/IMG_3158.PNG",
      "answer": null
    },
    {
      "id": 37,
      "question": "assets/images/iCloud Photos from AQ H/IMG_3159.PNG",
      "answer": null
    },
    {
      "id": 38,
      "question": "assets/images/iCloud Photos from AQ H/IMG_3160.PNG",
      "answer": null
    },
    {
      "id": 39,
      "question": "assets/images/iCloud Photos from AQ H/IMG_3161.PNG",
      "answer": null
    },
    {
      "id": 40,
      "question": "assets/images/iCloud Photos from AQ H/IMG_3162.PNG",
      "answer": null
    },
    {
      "id": 41,
      "question": "assets/images/iCloud Photos from AQ H/IMG_3163.PNG",
      "answer": null
    },
    {
      "id": 42,
      "question": "assets/images/iCloud Photos from AQ H/IMG_3164.PNG",
      "answer": null
    },
    {
      "id": 43,
      "question": "assets/images/iCloud Photos from AQ H/IMG_3165.PNG",
      "answer": null
    },
    {
      "id": 44,
      "question": "assets/images/iCloud Photos from AQ H/IMG_3166.PNG",
      "answer": null
    },
    {
      "id": 45,
      "question": "assets/images/iCloud Photos from AQ H/IMG_3167.PNG",
      "answer": null
    },
    {
      "id": 46,
      "question": "assets/images/iCloud Photos from AQ H/IMG_3168.PNG",
      "answer": null
    },
    {
      "id": 47,
      "question": "assets/images/iCloud Photos from AQ H/IMG_3169.PNG",
      "answer": null
    },
    {
      "id": 48,
      "question": "assets/images/iCloud Photos from AQ H/IMG_3170.PNG",
      "answer": null
    },
    {
      "id": 49,
      "question": "assets/images/iCloud Photos from AQ H/IMG_3171.PNG",
      "answer": null
    },
    {
      "id": 50,
      "question": "assets/images/iCloud Photos from AQ H/IMG_3172.PNG",
      "answer": null
    },
    {
      "id": 51,
      "question": "assets/images/iCloud Photos from AQ H/IMG_3173.PNG",
      "answer": null
    },
    {
      "id": 52,
      "question": "assets/images/iCloud Photos from AQ H/IMG_3174.PNG",
      "answer": null
    },
    {
      "id": 53,
      "question": "assets/images/iCloud Photos from AQ H/IMG_3175.PNG",
      "answer": null
    },
    {
      "id": 54,
      "question": "assets/images/iCloud Photos from AQ H/IMG_3176.PNG",
      "answer": null
    },
    {
      "id": 55,
      "question": "assets/images/iCloud Photos from AQ H/IMG_3177.PNG",
      "answer": null
    },
    {
      "id": 56,
      "question": "assets/images/iCloud Photos from AQ H/IMG_3178.PNG",
      "answer": null
    },
    {
      "id": 57,
      "question": "assets/images/iCloud Photos from AQ H/IMG_3179.PNG",
      "answer": null
    },
    {
      "id": 58,
      "question": "assets/images/iCloud Photos from AQ H/IMG_3180.PNG",
      "answer": null
    },
    {
      "id": 59,
      "question": "assets/images/iCloud Photos from AQ H/IMG_3181.PNG",
      "answer": null
    },
    {
      "id": 60,
      "question": "assets/images/iCloud Photos from AQ H/IMG_3182.PNG",
      "answer": null
    },
    {
      "id": 61,
      "question": "assets/images/iCloud Photos from AQ H/IMG_3183.PNG",
      "answer": null
    },
    {
      "id": 62,
      "question": "assets/images/iCloud Photos from AQ H/IMG_3184.PNG",
      "answer": null
    },
    {
      "id": 63,
      "question": "assets/images/iCloud Photos from AQ H/IMG_3185.PNG",
      "answer": null
    },
    {
      "id": 64,
      "question": "assets/images/iCloud Photos from AQ H/IMG_3186.PNG",
      "answer": null
    },
    {
      "id": 65,
      "question": "assets/images/iCloud Photos from AQ H/IMG_3187.PNG",
      "answer": null
    },
    {
      "id": 66,
      "question": "assets/images/iCloud Photos from AQ H/IMG_3188.PNG",
      "answer": null
    },
    {
      "id": 67,
      "question": "assets/images/iCloud Photos from AQ H/IMG_3189.PNG",
      "answer": null
    },
    {
      "id": 68,
      "question": "assets/images/iCloud Photos from AQ H/IMG_3190.PNG",
      "answer": null
    },
    {
      "id": 69,
      "question": "assets/images/iCloud Photos from AQ H/IMG_3191.PNG",
      "answer": null
    },
    {
      "id": 70,
      "question": "assets/images/iCloud Photos from AQ H/IMG_3192.PNG",
      "answer": null
    },
    {
      "id": 71,
      "question": "assets/images/iCloud Photos from AQ H/IMG_3193.PNG",
      "answer": null
    },
    {
      "id": 72,
      "question": "assets/images/iCloud Photos from AQ H/IMG_3194.PNG",
      "answer": null
    },
    {
      "id": 73,
      "question": "assets/images/iCloud Photos from AQ H/IMG_3195.PNG",
      "answer": null
    },
    {
      "id": 74,
      "question": "assets/images/iCloud Photos from AQ H/IMG_3196.PNG",
      "answer": null
    },
    {
      "id": 75,
      "question": "assets/images/iCloud Photos from AQ H/IMG_3197.PNG",
      "answer": null
    },
    {
      "id": 76,
      "question": "assets/images/iCloud Photos from AQ H/IMG_3198.PNG",
      "answer": null
    },
    {
      "id": 77,
      "question": "assets/images/iCloud Photos from AQ H/IMG_3199.PNG",
      "answer": null
    },
    {
      "id": 78,
      "question": "assets/images/iCloud Photos from AQ H/IMG_3200.PNG",
      "answer": null
    },
    {
      "id": 79,
      "question": "assets/images/iCloud Photos from AQ H/IMG_3201.PNG",
      "answer": null
    },
    {
      "id": 80,
      "question": "assets/images/iCloud Photos from AQ H/IMG_3202.PNG",
      "answer": null
    },
    {
      "id": 81,
      "question": "assets/images/iCloud Photos from AQ H/IMG_3203.PNG",
      "answer": null
    },
    {
      "id": 82,
      "question": "assets/images/iCloud Photos from AQ H/IMG_3204.PNG",
      "answer": null
    },
    {
      "id": 83,
      "question": "assets/images/iCloud Photos from AQ H/IMG_3205.PNG",
      "answer": null
    },
    {
      "id": 84,
      "question": "assets/images/iCloud Photos from AQ H/IMG_3206.PNG",
      "answer": null
    },
    {
      "id": 85,
      "question": "assets/images/iCloud Photos from AQ H/IMG_3207.PNG",
      "answer": null
    },
    {
      "id": 86,
      "question": "assets/images/iCloud Photos from AQ H/IMG_3208.PNG",
      "answer": null
    },
    {
      "id": 87,
      "question": "assets/images/iCloud Photos from AQ H/IMG_3209.PNG",
      "answer": null
    },
    {
      "id": 88,
      "question": "assets/images/iCloud Photos from AQ H/IMG_3210.PNG",
      "answer": null
    },
    {
      "id": 89,
      "question": "assets/images/iCloud Photos from AQ H/IMG_3211.PNG",
      "answer": null
    },
    {
      "id": 90,
      "question": "assets/images/iCloud Photos from AQ H/IMG_3212.PNG",
      "answer": null
    },
    {
      "id": 91,
      "question": "assets/images/iCloud Photos from AQ H/IMG_3213.PNG",
      "answer": null
    },
    {
      "id": 92,
      "question": "assets/images/iCloud Photos from AQ H/IMG_3214.PNG",
      "answer": null
    },
    {
      "id": 93,
      "question": "assets/images/iCloud Photos from AQ H/IMG_3215.PNG",
      "answer": null
    },
    {
      "id": 94,
      "question": "assets/images/iCloud Photos from AQ H/IMG_3216.PNG",
      "answer": null
    },
    {
      "id": 95,
      "question": "assets/images/iCloud Photos from AQ H/IMG_3217.PNG",
      "answer": null
    },
    {
      "id": 96,
      "question": "assets/images/iCloud Photos from AQ H/IMG_3218.PNG",
      "answer": null
    },
    {
      "id": 97,
      "question": "assets/images/iCloud Photos from AQ H/IMG_3219.PNG",
      "answer": null
    },
    {
      "id": 98,
      "question": "assets/images/iCloud Photos from AQ H/IMG_3220.PNG",
      "answer": null
    },
    {
      "id": 99,
      "question": "assets/images/iCloud Photos from AQ H/IMG_3221.PNG",
      "answer": null
    },
    {
      "id": 100,
      "question": "assets/images/iCloud Photos from AQ H/IMG_3222.PNG",
      "answer": null
    }
  ]
}